id,name,model_id:id,group_id:id,perm_read,perm_write,perm_create,perm_unlink
access_sweet_recipe_user,sweet.recipe user,model_sweet_recipe,sweet_factory_management.group_sweet_factory_user,1,1,1,0
access_sweet_recipe_manager,sweet.recipe manager,model_sweet_recipe,sweet_factory_management.group_sweet_factory_manager,1,1,1,1
access_sweet_recipe_ingredient_user,sweet.recipe.ingredient user,model_sweet_recipe_ingredient,sweet_factory_management.group_sweet_factory_user,1,1,1,0
access_sweet_recipe_ingredient_manager,sweet.recipe.ingredient manager,model_sweet_recipe_ingredient,sweet_factory_management.group_sweet_factory_manager,1,1,1,1
access_sweet_batch_user,sweet.batch user,model_sweet_batch,sweet_factory_management.group_sweet_factory_user,1,1,1,0
access_sweet_batch_manager,sweet.batch manager,model_sweet_batch,sweet_factory_management.group_sweet_factory_manager,1,1,1,1
access_sweet_batch_ingredient_line_user,sweet.batch.ingredient.line user,model_sweet_batch_ingredient_line,sweet_factory_management.group_sweet_factory_user,1,1,1,0
access_sweet_batch_ingredient_line_manager,sweet.batch.ingredient.line manager,model_sweet_batch_ingredient_line,sweet_factory_management.group_sweet_factory_manager,1,1,1,1
access_sweet_batch_output_line_user,sweet.batch.output.line user,model_sweet_batch_output_line,sweet_factory_management.group_sweet_factory_user,1,1,1,0
access_sweet_batch_output_line_manager,sweet.batch.output.line manager,model_sweet_batch_output_line,sweet_factory_management.group_sweet_factory_manager,1,1,1,1
access_sweet_quality_parameter_user,sweet.quality.parameter user,model_sweet_quality_parameter,sweet_factory_management.group_sweet_factory_user,1,0,0,0
access_sweet_quality_parameter_manager,sweet.quality.parameter manager,model_sweet_quality_parameter,sweet_factory_management.group_sweet_factory_manager,1,1,1,1
access_sweet_quality_check_user,sweet.quality.check user,model_sweet_quality_check,sweet_factory_management.group_sweet_factory_user,1,1,1,0
access_sweet_quality_check_manager,sweet.quality.check manager,model_sweet_quality_check,sweet_factory_management.group_sweet_factory_manager,1,1,1,1
access_sweet_quality_check_line_user,sweet.quality.check.line user,model_sweet_quality_check_line,sweet_factory_management.group_sweet_factory_user,1,1,1,0
access_sweet_quality_check_line_manager,sweet.quality.check.line manager,model_sweet_quality_check_line,sweet_factory_management.group_sweet_factory_manager,1,1,1,1
access_sweet_machine_user,sweet.machine user,model_sweet_machine,sweet_factory_management.group_sweet_factory_user,1,0,0,0
access_sweet_machine_manager,sweet.machine manager,model_sweet_machine,sweet_factory_management.group_sweet_factory_manager,1,1,1,1
access_sweet_machine_log_user,sweet.machine.log user,model_sweet_machine_log,sweet_factory_management.group_sweet_factory_user,1,1,1,0
access_sweet_machine_log_manager,sweet.machine.log manager,model_sweet_machine_log,sweet_factory_management.group_sweet_factory_manager,1,1,1,1
access_sweet_batch_close_wizard_user,sweet.batch.close.wizard user,model_sweet_batch_close_wizard,sweet_factory_management.group_sweet_factory_user,1,1,1,1
